game_index,player_a,player_b,score_a,elo_a,elo_b,plies
1,UCT,MCVS,0.000,0.0,0.0,38
2,MCVS,UCT,1.000,0.0,0.0,15
3,UCT,MCVS,1.000,0.0,0.0,37
4,MCVS,UCT,1.000,0.0,0.0,13
5,UCT,MCVS,0.000,0.0,0.0,10
6,MCVS,UCT,1.000,0.0,0.0,7
7,UCT,MCVS,0.000,0.0,0.0,10
8,MCVS,UCT,1.000,0.0,0.0,13
9,UCT,MCVS,0.000,0.0,0.0,8
10,MCVS,UCT,1.000,0.0,0.0,13
11,UCT,MCVS,0.000,0.0,0.0,8
12,MCVS,UCT,1.000,0.0,0.0,17
13,UCT,MCVS,0.000,0.0,0.0,36
14,MCVS,UCT,1.000,0.0,0.0,31
15,UCT,MCVS,0.000,0.0,0.0,24
16,MCVS,UCT,1.000,0.0,0.0,23
17,UCT,MCVS,0.000,0.0,0.0,18
18,MCVS,UCT,1.000,0.0,0.0,15
19,UCT,MCVS,0.000,0.0,0.0,16
20,MCVS,UCT,1.000,0.0,0.0,9
21,UCT,MCVS,0.000,0.0,0.0,28
22,MCVS,UCT,1.000,0.0,0.0,7
23,UCT,MCVS,0.000,0.0,0.0,12
24,MCVS,UCT,1.000,0.0,0.0,25
25,UCT,MCVS,0.000,0.0,0.0,12
26,MCVS,UCT,1.000,0.0,0.0,7
27,UCT,MCVS,0.000,0.0,0.0,10
28,MCVS,UCT,1.000,0.0,0.0,7
29,UCT,MCVS,0.000,0.0,0.0,10
30,MCVS,UCT,1.000,0.0,0.0,21
31,UCT,MCVS,0.000,0.0,0.0,18
32,MCVS,UCT,1.000,0.0,0.0,15
33,UCT,MCVS,0.000,0.0,0.0,12
34,MCVS,UCT,1.000,0.0,0.0,7
35,UCT,MCVS,0.000,0.0,0.0,22
36,MCVS,UCT,1.000,0.0,0.0,15
37,UCT,MCVS,0.000,0.0,0.0,10
38,MCVS,UCT,1.000,0.0,0.0,7
39,UCT,MCVS,0.000,0.0,0.0,16
40,MCVS,UCT,1.000,0.0,0.0,7
41,UCT,MCVS,0.000,0.0,0.0,8
42,MCVS,UCT,1.000,0.0,0.0,7
43,UCT,MCVS,0.000,0.0,0.0,8
44,MCVS,UCT,1.000,0.0,0.0,7
45,UCT,MCVS,0.000,0.0,0.0,24
46,MCVS,UCT,1.000,0.0,0.0,7
47,UCT,MCVS,0.000,0.0,0.0,16
48,MCVS,UCT,1.000,0.0,0.0,21
49,UCT,MCVS,1.000,0.0,0.0,17
50,MCVS,UCT,1.000,0.0,0.0,7
51,MAST,MCVS,0.000,0.0,0.0,12
52,MCVS,MAST,1.000,0.0,0.0,15
53,MAST,MCVS,0.000,0.0,0.0,12
54,MCVS,MAST,1.000,0.0,0.0,7
55,MAST,MCVS,0.000,0.0,0.0,10
56,MCVS,MAST,1.000,0.0,0.0,7
57,MAST,MCVS,0.000,0.0,0.0,32
58,MCVS,MAST,1.000,0.0,0.0,15
59,MAST,MCVS,0.000,0.0,0.0,18
60,MCVS,MAST,1.000,0.0,0.0,21
61,MAST,MCVS,0.000,0.0,0.0,16
62,MCVS,MAST,1.000,0.0,0.0,11
63,MAST,MCVS,0.000,0.0,0.0,14
64,MCVS,MAST,1.000,0.0,0.0,7
65,MAST,MCVS,1.000,0.0,0.0,35
66,MCVS,MAST,1.000,0.0,0.0,21
67,MAST,MCVS,1.000,0.0,0.0,25
68,MCVS,MAST,1.000,0.0,0.0,9
69,MAST,MCVS,0.000,0.0,0.0,14
70,MCVS,MAST,1.000,0.0,0.0,13
71,MAST,MCVS,0.000,0.0,0.0,28
72,MCVS,MAST,1.000,0.0,0.0,7
73,MAST,MCVS,0.000,0.0,0.0,22
74,MCVS,MAST,1.000,0.0,0.0,7
75,MAST,MCVS,0.000,0.0,0.0,16
76,MCVS,MAST,1.000,0.0,0.0,7
77,MAST,MCVS,1.000,0.0,0.0,15
78,MCVS,MAST,1.000,0.0,0.0,7
79,MAST,MCVS,0.000,0.0,0.0,28
80,MCVS,MAST,1.000,0.0,0.0,15
81,MAST,MCVS,0.000,0.0,0.0,14
82,MCVS,MAST,1.000,0.0,0.0,13
83,MAST,MCVS,0.000,0.0,0.0,10
84,MCVS,MAST,1.000,0.0,0.0,15
85,MAST,MCVS,0.000,0.0,0.0,18
86,MCVS,MAST,1.000,0.0,0.0,21
87,MAST,MCVS,0.000,0.0,0.0,28
88,MCVS,MAST,1.000,0.0,0.0,13
89,MAST,MCVS,0.000,0.0,0.0,20
90,MCVS,MAST,1.000,0.0,0.0,31
91,MAST,MCVS,1.000,0.0,0.0,37
92,MCVS,MAST,1.000,0.0,0.0,15
93,MAST,MCVS,0.000,0.0,0.0,8
94,MCVS,MAST,1.000,0.0,0.0,27
95,MAST,MCVS,0.000,0.0,0.0,8
96,MCVS,MAST,1.000,0.0,0.0,13
97,MAST,MCVS,0.000,0.0,0.0,12
98,MCVS,MAST,1.000,0.0,0.0,13
99,MAST,MCVS,0.000,0.0,0.0,8
100,MCVS,MAST,1.000,0.0,0.0,17
101,RAVE,MCVS,0.000,0.0,0.0,38
102,MCVS,RAVE,0.000,0.0,0.0,22
103,RAVE,MCVS,0.000,0.0,0.0,32
104,MCVS,RAVE,1.000,0.0,0.0,37
105,RAVE,MCVS,1.000,0.0,0.0,23
106,MCVS,RAVE,1.000,0.0,0.0,27
107,RAVE,MCVS,1.000,0.0,0.0,39
108,MCVS,RAVE,0.000,0.0,0.0,22
109,RAVE,MCVS,1.000,0.0,0.0,39
110,MCVS,RAVE,0.000,0.0,0.0,34
111,RAVE,MCVS,1.000,0.0,0.0,23
112,MCVS,RAVE,0.000,0.0,0.0,34
113,RAVE,MCVS,1.000,0.0,0.0,37
114,MCVS,RAVE,0.000,0.0,0.0,34
115,RAVE,MCVS,1.000,0.0,0.0,33
116,MCVS,RAVE,0.000,0.0,0.0,22
117,RAVE,MCVS,1.000,0.0,0.0,31
118,MCVS,RAVE,0.000,0.0,0.0,32
119,RAVE,MCVS,1.000,0.0,0.0,35
120,MCVS,RAVE,0.000,0.0,0.0,36
121,RAVE,MCVS,1.000,0.0,0.0,23
122,MCVS,RAVE,1.000,0.0,0.0,31
123,RAVE,MCVS,1.000,0.0,0.0,15
124,MCVS,RAVE,1.000,0.0,0.0,27
125,RAVE,MCVS,1.000,0.0,0.0,23
126,MCVS,RAVE,1.000,0.0,0.0,29
127,RAVE,MCVS,0.000,0.0,0.0,32
128,MCVS,RAVE,1.000,0.0,0.0,15
129,RAVE,MCVS,1.000,0.0,0.0,33
130,MCVS,RAVE,1.000,0.0,0.0,39
131,RAVE,MCVS,1.000,0.0,0.0,29
132,MCVS,RAVE,0.500,0.0,0.0,44
133,RAVE,MCVS,0.500,0.0,0.0,44
134,MCVS,RAVE,1.000,0.0,0.0,15
135,RAVE,MCVS,1.000,0.0,0.0,27
136,MCVS,RAVE,1.000,0.0,0.0,27
137,RAVE,MCVS,1.000,0.0,0.0,37
138,MCVS,RAVE,1.000,0.0,0.0,15
139,RAVE,MCVS,0.000,0.0,0.0,22
140,MCVS,RAVE,0.000,0.0,0.0,42
141,RAVE,MCVS,1.000,0.0,0.0,17
142,MCVS,RAVE,1.000,0.0,0.0,27
143,RAVE,MCVS,0.000,0.0,0.0,32
144,MCVS,RAVE,1.000,0.0,0.0,27
145,RAVE,MCVS,1.000,0.0,0.0,23
146,MCVS,RAVE,1.000,0.0,0.0,37
147,RAVE,MCVS,1.000,0.0,0.0,27
148,MCVS,RAVE,0.000,0.0,0.0,34
149,RAVE,MCVS,1.000,0.0,0.0,39
150,MCVS,RAVE,0.000,0.0,0.0,16
